"Timestamp","Name","Email","Institution","Phone Number","What Programming Language are you working on ?","Rate your Programming skills.","Have you ever contributed to Open Source ? (If you have , how? ).","Do you know what is camelCase? ","Do you have any experience on working with Git or any other VCS ?","What do you know about CI/CD? (If you Know.)","Why do you want to join this workshop?"
"2018/09/21 7:17:23 pm GMT+5:45","Ujjawal Parajuli","ujjawalpra@gmail.com","Amrit Science Campus","9815074472","Python, C#","3","I don't think so","YesIDo","Yes","Nothing","I am interested in efficient programming"
"2018/09/21 7:19:21 pm GMT+5:45","Kismat Rijal","kismatrijal@gmail.com","Sagarmatha college of science and technology","9847716201","C,C++, C#, Css, JavaScript, Php","4","Localization on firefox, Mozillian, Wikipedia, Wordpress etc","yes","Yes","yes","To contribute more on open source"
"2018/09/21 7:41:07 pm GMT+5:45","Ramesh syangtan","rameshsyangtan92@gmail.com","Sanothimi campus","9843578426","JavaScript","4","Yes, using git and GitHub. ","Yes","Yes","No","To know professional software development. "
"2018/09/21 8:05:25 pm GMT+5:45","Deepak Shahi","Shahideep0901@gmail.com","Amrit science campus","9800599266","Php","1","No","No","No","No","I am intresting on this if it is useful for the font-end designers "
"2018/09/22 7:23:45 pm GMT+5:45","Ravi Bhattarai","axon.rb@gmail.com","Axon System ","9851053064","C/python ","4","Yes.","Yes","Yes","Part of Dev ops","To learn best developmental practices "
"2018/09/22 9:24:13 pm GMT+5:45","Kamal Shrestha","kamal.shrestha@student.ku.edu.np","KU","9843312567","Python","2","Not yet ","No","Yes","No","To broaden my concepts of a good programming practices and open source programs"
"2018/09/22 9:30:31 pm GMT+5:45","Devi Bhattarai","devakabhattarai327@gmail.com","IOE pulchowk Campus","9867232746","python, C, JSS","1","no","NO idea","Yes"," continuous integration and continuous delivery.[1","learn"
"2018/09/22 9:32:17 pm GMT+5:45","Biplab Gautam","biplab.gautam.9@gmail.com","Pulchowk campu","9849645510","Python","3","No","yes I do - caseCamel","Yes","Not much just heard these terms when developing websites.","I want to be confident in modern practices and help myself do things in faster and productive ways."
"2018/09/22 9:37:17 pm GMT+5:45","Madan Panthi","codemadan@gmail.com","Bharyang Ventures","9847092226","PHP","4","Yes I have. I am active member of WordPress community providing free themes, plugins and support there.","ILoveCamelCase :D I hope that was enough :D","Yes","Continuous integration (CI) is the practice of merging all developer working copies to a common branch. Continuous delivery (CD) is approach in which software is produced short cycles or short updates and always ready to be set in production.","I want to learn new approaches and practices of software designs and development procedures."
"2018/09/22 11:47:20 pm GMT+5:45","Bishal Sarangkoti ","sarangbishal@gmail.com ","Kathmandu University ","9811283318 ","Cpp, python ","3","I've contributed in an informational github repository ""An Awesome list to competitive Programming"" by adding few resources. ","It is naming convention for identifier for the compound words where the first character starts with a lowercase followed by uppercase letter for every first character of remaining words. For instance : camelCase, this is variable. The purpose of camelCase is to make variable names more readable and being the convention, easier to maintain the code. ","Yes","No","I want to develop my software development skills and eager to know how software development works in industry. I also want to learn about how to write CLEAN code and maintain code in a team using version control system. I'm also looking forward to learn about good coding practices and Dos and Donts in software development process "
"2018/09/23 2:30:55 pm GMT+5:45","Krishna Sigdel","anishtha.k72@gmail.com","Amrit Science Campus","9860433527","HTML,CSS,JavaScript","3","Not yet.","The standerd , which allows to write the compound or joint words with compression such that , each and every letters must be written in lower case without any spaces  except that the each begining letter in each word segment must be in capital letter(sometime the very begining letter may appear in lower case).eg:-  camelCase or CamelCase","No","It is the modern combined approach to developing software like DevOps in which the system is continuously integrated and delelivered until the client's predefined level of satisfaction in achieved.","To learn about the different aspects of the modern approach of software development process and open source."
"2018/09/23 7:28:57 pm GMT+5:45","Sabin Paney","pandeyfcb7849@gmail.com","Amrit Campus","9819237849","PHP, Python","3","No","Yes","Yes","No","It could help us on how to start software development project."
"2018/09/23 10:44:41 pm GMT+5:45","Rahul Sharma","Rahul.fabled@gmail.com ","ASCOL","9868570700","Python","1","No","Yes, java uses it... ","No","No","To learn something about project management..."
"2018/09/24 10:02:42 am GMT+5:45","Dinesh Kumar Sharma","Dinudinesh4ug@gmail ","Tribhuvan University ","9860711763","Java(Android)","3","No","No","Yes","No","To improve my software development approach"
"2018/09/25 9:54:51 am GMT+5:45","Pradeep Mudbhari","pradeepmudvari066@gmail.com","8Byte","9849994310","Js","1","Ni","camelCase is a writing phrase with a capital letter in between of word.","Yes","No","I want to attend this workshop to laern about CI/CD along with to sharp skills of mine.I want to know about qualitative good design.As a beginner,this could be a milestone for me."